,date,open,high,low,close,volume
0,2023-09-12 17:00:00,26275.36,26392.0,26173.06,26233.47,1274.84293
1,2023-09-12 17:15:00,26233.46,26235.71,26100.0,26149.78,681.39071
2,2023-09-12 17:30:00,26149.78,26208.68,26080.0,26123.32,767.94332
3,2023-09-12 17:45:00,26123.31,26149.91,26047.05,26114.39,897.21159
4,2023-09-12 18:00:00,26114.39,26187.0,26114.39,26132.52,424.57051
5,2023-09-12 18:15:00,26132.51,26200.0,26111.11,26194.35,414.19492
6,2023-09-12 18:30:00,26194.34,26230.0,26166.63,26221.08,372.56322
7,2023-09-12 18:45:00,26221.08,26228.95,26164.0,26205.97,399.59289
8,2023-09-12 19:00:00,26205.98,26256.22,26160.83,26165.15,507.03976
9,2023-09-12 19:15:00,26165.14,26319.42,26150.49,26306.55,630.87338
10,2023-09-12 19:30:00,26306.54,26567.0,26214.94,26231.05,2673.10033
11,2023-09-12 19:45:00,26231.06,26237.4,26070.0,26109.32,1116.08397
12,2023-09-12 20:00:00,26109.32,26166.94,26058.4,26102.94,433.4065
13,2023-09-12 20:15:00,26102.95,26105.8,25892.42,26029.49,1394.72141
14,2023-09-12 20:30:00,26029.5,26058.25,25970.37,25992.41,349.31137
15,2023-09-12 20:45:00,25992.41,26026.06,25902.0,25903.04,369.43
16,2023-09-12 21:00:00,25903.04,25979.25,25882.43,25977.86,497.4613
17,2023-09-12 21:15:00,25977.86,26021.4,25961.32,25971.94,300.40316
18,2023-09-12 21:30:00,25971.94,25984.89,25946.07,25946.08,168.66795
19,2023-09-12 21:45:00,25946.08,25982.58,25936.66,25980.28,226.39273
20,2023-09-12 22:00:00,25980.29,26086.0,25980.28,26070.0,525.48202
21,2023-09-12 22:15:00,26070.01,26265.98,26070.0,26110.09,1087.7279
22,2023-09-12 22:30:00,26110.1,26124.79,26084.41,26085.0,168.65453
23,2023-09-12 22:45:00,26085.01,26117.53,26065.9,26066.33,168.30788
24,2023-09-12 23:00:00,26066.34,26096.94,26053.15,26091.77,168.4647
25,2023-09-12 23:15:00,26091.77,26114.51,26073.72,26096.97,138.91589
26,2023-09-12 23:30:00,26096.96,26117.7,26096.96,26106.55,121.3676
27,2023-09-12 23:45:00,26106.54,26114.13,26072.77,26073.9,112.74699
28,2023-09-13 00:00:00,26073.9,26159.11,26063.61,26129.92,179.45132
29,2023-09-13 00:15:00,26129.93,26144.74,26122.36,26133.16,99.72503
30,2023-09-13 00:30:00,26133.17,26133.17,26074.01,26089.0,130.82566
31,2023-09-13 00:45:00,26089.01,26105.62,26089.0,26102.98,91.21803
32,2023-09-13 01:00:00,26102.99,26102.99,25970.08,25980.52,495.10813
33,2023-09-13 01:15:00,25980.51,26009.99,25920.0,25970.27,271.01987
34,2023-09-13 01:30:00,25970.27,26009.41,25966.16,25994.99,141.57453
35,2023-09-13 01:45:00,25994.99,26005.3,25967.74,25970.01,257.15731
36,2023-09-13 02:00:00,25970.01,25970.01,25790.0,25856.76,857.39766
37,2023-09-13 02:15:00,25856.75,25910.46,25831.21,25864.99,334.03883
38,2023-09-13 02:30:00,25865.0,25896.99,25814.82,25852.14,210.57966
39,2023-09-13 02:45:00,25852.14,25864.02,25818.65,25840.1,185.26827
40,2023-09-13 03:00:00,25840.1,25889.87,25764.17,25868.82,756.02299
41,2023-09-13 03:15:00,25868.81,25899.35,25865.67,25893.5,231.41539
42,2023-09-13 03:30:00,25893.5,25985.91,25893.49,25949.83,473.3422
43,2023-09-13 03:45:00,25949.82,25949.83,25917.3,25919.51,155.47443
44,2023-09-13 04:00:00,25919.52,25963.63,25905.44,25956.19,166.88878
45,2023-09-13 04:15:00,25956.19,25961.68,25912.26,25927.59,185.70465
46,2023-09-13 04:30:00,25927.59,25956.92,25908.41,25945.95,437.32999
47,2023-09-13 04:45:00,25945.94,25957.47,25905.74,25957.47,278.088
48,2023-09-13 05:00:00,25957.46,25970.03,25934.78,25947.72,190.27327
49,2023-09-13 05:15:00,25947.73,25947.73,25925.39,25936.73,109.21446
50,2023-09-13 05:30:00,25936.74,25936.74,25909.01,25934.99,325.49198
51,2023-09-13 05:45:00,25935.0,25936.74,25906.67,25910.5,470.5032
52,2023-09-13 06:00:00,25910.49,25924.1,25882.59,25912.21,217.85944
53,2023-09-13 06:15:00,25912.21,25912.21,25867.25,25867.25,174.26973
54,2023-09-13 06:30:00,25867.25,25914.88,25858.32,25872.12,132.56519
55,2023-09-13 06:45:00,25872.12,25879.25,25836.96,25879.24,175.13124
56,2023-09-13 07:00:00,25879.24,25897.63,25864.32,25864.32,186.29918
57,2023-09-13 07:15:00,25864.33,25945.0,25864.32,25928.23,176.76365
58,2023-09-13 07:30:00,25928.23,25949.19,25917.93,25928.84,137.46235
59,2023-09-13 07:45:00,25928.83,25940.34,25911.88,25926.36,64.4552
60,2023-09-13 08:00:00,25926.37,25927.98,25906.66,25924.07,85.72503
61,2023-09-13 08:15:00,25924.07,25924.99,25850.91,25877.44,219.65256
62,2023-09-13 08:30:00,25877.45,25886.93,25853.78,25884.94,120.89894
63,2023-09-13 08:45:00,25884.94,25920.0,25881.17,25900.01,109.99541
64,2023-09-13 09:00:00,25900.0,25900.01,25866.73,25891.84,157.94999
65,2023-09-13 09:15:00,25891.84,25918.81,25891.84,25918.81,111.00673
66,2023-09-13 09:30:00,25918.8,25953.08,25898.58,25951.29,203.05687
67,2023-09-13 09:45:00,25951.29,25995.0,25928.91,25956.65,248.12171
68,2023-09-13 10:00:00,25956.65,26004.58,25956.65,25981.72,257.78631
69,2023-09-13 10:15:00,25981.72,25990.0,25955.0,25971.67,169.76065
70,2023-09-13 10:30:00,25971.67,26109.94,25913.66,25950.95,1011.74477
71,2023-09-13 10:45:00,25950.95,25970.58,25855.17,25879.91,743.55289
72,2023-09-13 11:00:00,25879.91,25944.0,25866.17,25935.0,237.95246
73,2023-09-13 11:15:00,25935.01,25966.65,25914.17,25952.54,184.36948
74,2023-09-13 11:30:00,25952.55,25966.96,25945.77,25958.72,128.45565
75,2023-09-13 11:45:00,25958.72,25966.27,25943.9,25952.88,121.1708
76,2023-09-13 12:00:00,25952.88,25952.89,25928.54,25937.34,125.28175
77,2023-09-13 12:15:00,25937.33,26051.16,25928.72,26018.06,361.73677
78,2023-09-13 12:30:00,26018.07,26150.0,25996.9,26086.99,737.78459
79,2023-09-13 12:45:00,26086.98,26205.89,26060.0,26154.98,711.24895
80,2023-09-13 13:00:00,26154.98,26233.16,26149.99,26175.0,595.2515
81,2023-09-13 13:15:00,26175.0,26185.0,26096.85,26100.01,541.08386
82,2023-09-13 13:30:00,26100.01,26127.28,26094.53,26123.86,250.43917
83,2023-09-13 13:45:00,26123.85,26152.85,26103.94,26151.9,149.1725
84,2023-09-13 14:00:00,26151.9,26162.9,26113.63,26116.42,193.11731
85,2023-09-13 14:15:00,26116.42,26198.48,26107.83,26181.96,469.96034
86,2023-09-13 14:30:00,26181.96,26200.0,26161.87,26198.42,207.55406
87,2023-09-13 14:45:00,26198.42,26247.79,26174.99,26198.41,288.78123
88,2023-09-13 15:00:00,26198.41,26268.54,26158.62,26215.0,319.08597
89,2023-09-13 15:15:00,26215.0,26247.08,26162.13,26193.99,519.64443
90,2023-09-13 15:30:00,26193.99,26245.0,26016.22,26119.51,1878.87657
91,2023-09-13 15:45:00,26119.51,26220.22,26079.84,26212.51,602.01912
92,2023-09-13 16:00:00,26212.51,26232.46,26125.0,26125.0,484.30433
93,2023-09-13 16:15:00,26125.0,26167.0,26110.32,26112.94,287.77205
94,2023-09-13 16:30:00,26112.94,26198.07,26112.93,26156.96,340.63768
95,2023-09-13 16:45:00,26156.95,26199.0,26083.8,26124.87,454.72471
96,2023-09-13 17:00:00,26124.88,26135.89,26068.73,26127.8,439.6972
97,2023-09-13 17:15:00,26127.79,26199.0,26110.1,26169.98,312.81017
98,2023-09-13 17:30:00,26169.98,26349.17,26169.98,26291.78,1096.00823
99,2023-09-13 17:45:00,26291.78,26293.68,26180.0,26214.37,378.50298
100,2023-09-13 18:00:00,26214.38,26270.0,26181.57,26264.93,280.7478
101,2023-09-13 18:15:00,26264.93,26321.41,26215.38,26267.5,402.69819
102,2023-09-13 18:30:00,26267.49,26329.0,26253.34,26300.88,359.70295
103,2023-09-13 18:45:00,26300.87,26387.76,26234.8,26241.31,762.17471
104,2023-09-13 19:00:00,26241.31,26280.0,26201.75,26265.61,572.65868
105,2023-09-13 19:15:00,26265.62,26383.85,26265.61,26374.19,557.53105
106,2023-09-13 19:30:00,26374.19,26405.22,26300.41,26318.01,754.53293
107,2023-09-13 19:45:00,26318.01,26347.65,26275.2,26280.05,334.33237
108,2023-09-13 20:00:00,26280.05,26329.19,26265.01,26329.19,236.97942
109,2023-09-13 20:15:00,26329.18,26355.1,26159.5,26188.65,845.0849
110,2023-09-13 20:30:00,26188.66,26251.41,26121.01,26153.45,1203.63874
111,2023-09-13 20:45:00,26153.46,26181.34,26084.17,26094.13,816.47581
112,2023-09-13 21:00:00,26094.13,26156.69,26094.12,26141.86,228.80532
113,2023-09-13 21:15:00,26141.87,26164.41,26115.0,26130.33,147.76085
114,2023-09-13 21:30:00,26130.32,26157.58,26095.0,26140.28,219.74554
115,2023-09-13 21:45:00,26140.28,26157.53,26086.2,26111.48,158.19388
116,2023-09-13 22:00:00,26111.49,26139.75,26055.0,26113.64,310.92436
117,2023-09-13 22:15:00,26113.64,26150.0,26111.38,26149.99,106.51758
118,2023-09-13 22:30:00,26149.99,26201.49,26140.23,26185.15,233.4252
119,2023-09-13 22:45:00,26185.15,26201.61,26140.0,26140.01,221.29619
120,2023-09-13 23:00:00,26140.0,26178.81,26140.0,26178.8,108.72378
121,2023-09-13 23:15:00,26178.81,26208.46,26176.06,26190.79,116.39182
122,2023-09-13 23:30:00,26190.78,26222.0,26190.78,26201.5,143.95518
123,2023-09-13 23:45:00,26201.5,26250.4,26201.5,26218.04,199.48445
124,2023-09-14 00:00:00,26218.04,26248.85,26206.09,26248.84,88.81737
125,2023-09-14 00:15:00,26248.85,26248.85,26230.18,26247.26,97.50931
126,2023-09-14 00:30:00,26247.26,26272.31,26210.44,26232.55,210.5536
127,2023-09-14 00:45:00,26232.55,26235.98,26221.37,26226.77,55.25891
128,2023-09-14 01:00:00,26226.77,26263.78,26226.77,26261.59,118.24937
129,2023-09-14 01:15:00,26261.6,26305.46,26259.99,26285.32,167.80655
130,2023-09-14 01:30:00,26285.32,26285.32,26245.86,26245.86,118.49673
131,2023-09-14 01:45:00,26245.86,26245.87,26232.99,26242.18,85.04796
132,2023-09-14 02:00:00,26242.18,26263.58,26242.17,26249.76,103.43894
133,2023-09-14 02:15:00,26249.76,26261.68,26207.94,26209.26,163.5635
134,2023-09-14 02:30:00,26209.25,26217.84,26200.0,26207.55,75.75199
135,2023-09-14 02:45:00,26207.56,26225.15,26207.55,26222.0,103.30056
136,2023-09-14 03:00:00,26222.0,26229.88,26184.63,26214.25,319.23484
137,2023-09-14 03:15:00,26214.25,26218.33,26187.45,26187.46,107.16265
138,2023-09-14 03:30:00,26187.46,26289.79,26186.85,26249.99,360.28642
139,2023-09-14 03:45:00,26249.99,26525.0,26249.99,26522.0,1480.33081
140,2023-09-14 04:00:00,26522.0,26541.77,26298.89,26353.6,1345.23672
141,2023-09-14 04:15:00,26353.61,26355.0,26126.77,26214.74,1373.69219
142,2023-09-14 04:30:00,26214.73,26278.6,26201.31,26228.83,477.5156
143,2023-09-14 04:45:00,26228.82,26228.83,26158.95,26173.37,275.89759
144,2023-09-14 05:00:00,26173.37,26221.48,26168.62,26215.09,146.69452
145,2023-09-14 05:15:00,26215.08,26216.57,26182.49,26212.78,161.04218
146,2023-09-14 05:30:00,26212.78,26249.77,26210.4,26249.76,206.97658
147,2023-09-14 05:45:00,26249.76,26285.02,26241.26,26284.99,274.29724
148,2023-09-14 06:00:00,26284.99,26299.0,26262.89,26285.61,195.72805
149,2023-09-14 06:15:00,26285.6,26300.0,26263.42,26263.62,193.37226
150,2023-09-14 06:30:00,26263.63,26271.7,26254.34,26270.0,105.81021
151,2023-09-14 06:45:00,26269.99,26271.0,26255.05,26265.68,87.28777
152,2023-09-14 07:00:00,26265.69,26280.3,26265.68,26278.67,117.79868
153,2023-09-14 07:15:00,26278.67,26278.67,26220.07,26238.74,187.18017
154,2023-09-14 07:30:00,26238.74,26258.89,26227.32,26229.24,361.9359
155,2023-09-14 07:45:00,26229.25,26237.3,26196.62,26214.13,271.07418
156,2023-09-14 08:00:00,26214.14,26241.84,26203.26,26225.95,123.93053
157,2023-09-14 08:15:00,26225.96,26225.96,26173.19,26179.25,171.27173
158,2023-09-14 08:30:00,26179.25,26194.49,26168.87,26181.76,114.83573
159,2023-09-14 08:45:00,26181.76,26198.79,26163.96,26194.76,346.25604
160,2023-09-14 09:00:00,26194.77,26234.95,26183.95,26231.75,263.8817
161,2023-09-14 09:15:00,26231.74,26272.31,26226.45,26262.19,273.9343
162,2023-09-14 09:30:00,26262.19,26262.2,26247.55,26258.61,83.81002
163,2023-09-14 09:45:00,26258.61,26295.0,26252.53,26291.88,143.68857
164,2023-09-14 10:00:00,26291.88,26300.0,26270.0,26275.15,148.58239
165,2023-09-14 10:15:00,26275.16,26277.65,26262.41,26266.41,103.25726
166,2023-09-14 10:30:00,26266.4,26368.15,26262.34,26345.42,498.49808
167,2023-09-14 10:45:00,26345.42,26390.1,26326.57,26344.45,396.51445
168,2023-09-14 11:00:00,26344.44,26357.86,26331.14,26340.83,181.45796
169,2023-09-14 11:15:00,26340.83,26340.84,26314.88,26328.04,135.44513
170,2023-09-14 11:30:00,26328.04,26337.95,26313.23,26335.99,433.95528
171,2023-09-14 11:45:00,26335.99,26335.99,26275.0,26306.51,332.96301
172,2023-09-14 12:00:00,26306.5,26306.51,26286.73,26295.82,203.84701
173,2023-09-14 12:15:00,26295.82,26298.33,26277.24,26278.13,144.26757
174,2023-09-14 12:30:00,26278.13,26279.7,26270.0,26272.07,155.83377
175,2023-09-14 12:45:00,26272.07,26287.6,26271.43,26287.6,104.44064
176,2023-09-14 13:00:00,26287.6,26314.96,26283.1,26314.3,173.0342
177,2023-09-14 13:15:00,26314.29,26337.49,26306.81,26337.48,211.55932
178,2023-09-14 13:30:00,26337.48,26341.9,26291.7,26302.83,219.92182
179,2023-09-14 13:45:00,26302.82,26337.23,26295.95,26334.44,142.73395
180,2023-09-14 14:00:00,26334.43,26352.94,26331.0,26352.93,249.12873
181,2023-09-14 14:15:00,26352.93,26375.0,26341.71,26374.0,360.9508
182,2023-09-14 14:30:00,26374.01,26405.0,26360.44,26367.31,525.70868
183,2023-09-14 14:45:00,26367.31,26489.5,26366.64,26446.15,826.97586
184,2023-09-14 15:00:00,26446.15,26507.51,26426.67,26497.93,514.13501
185,2023-09-14 15:15:00,26497.94,26592.95,26389.3,26408.45,1277.87393
186,2023-09-14 15:30:00,26408.45,26451.89,26342.08,26414.52,1131.5184
187,2023-09-14 15:45:00,26414.53,26483.74,26411.69,26458.68,330.10242
188,2023-09-14 16:00:00,26458.68,26550.0,26458.67,26506.19,529.66006
189,2023-09-14 16:15:00,26506.18,26737.23,26506.18,26661.87,2128.53777
190,2023-09-14 16:30:00,26661.87,26766.0,26586.03,26632.19,1651.36254
191,2023-09-14 16:45:00,26632.18,26652.22,26507.77,26582.42,1110.06074
192,2023-09-14 17:00:00,26582.43,26622.77,26528.24,26597.92,721.53114
193,2023-09-14 17:15:00,26597.92,26699.4,26550.0,26674.62,573.30475
194,2023-09-14 17:30:00,26674.61,26698.82,26585.0,26640.01,629.78874
195,2023-09-14 17:45:00,26640.01,26750.0,26640.0,26731.4,767.67115
196,2023-09-14 18:00:00,26731.39,26798.5,26639.73,26688.5,1019.07106
197,2023-09-14 18:15:00,26688.51,26694.96,26583.63,26598.95,701.29179
198,2023-09-14 18:30:00,26598.94,26633.72,26590.34,26624.03,640.59527
199,2023-09-14 18:45:00,26624.03,26697.33,26620.07,26693.97,699.62747
200,2023-09-14 19:00:00,26693.97,26731.21,26635.64,26646.99,491.91071
201,2023-09-14 19:15:00,26646.98,26668.5,26603.01,26648.85,325.47316
202,2023-09-14 19:30:00,26648.85,26673.54,26546.6,26617.79,551.1409
203,2023-09-14 19:45:00,26617.79,26626.59,26567.01,26621.67,327.73386
204,2023-09-14 20:00:00,26621.68,26680.0,26601.0,26601.01,232.24593
205,2023-09-14 20:15:00,26601.0,26607.85,26569.65,26580.0,243.44361
206,2023-09-14 20:30:00,26579.99,26652.76,26575.0,26621.63,516.48927
207,2023-09-14 20:45:00,26621.62,26670.0,26608.62,26645.63,233.86874
208,2023-09-14 21:00:00,26645.63,26699.0,26645.62,26687.89,243.17089
209,2023-09-14 21:15:00,26687.89,26723.64,26670.78,26696.78,239.58464
210,2023-09-14 21:30:00,26696.79,26860.49,26666.0,26672.52,925.29305
211,2023-09-14 21:45:00,26672.53,26677.41,26581.0,26581.0,583.31678
212,2023-09-14 22:00:00,26581.01,26631.99,26558.0,26595.5,270.78521
213,2023-09-14 22:15:00,26595.5,26651.77,26595.49,26631.85,210.88805
214,2023-09-14 22:30:00,26631.84,26646.84,26600.01,26615.51,149.36592
215,2023-09-14 22:45:00,26615.52,26682.87,26615.51,26678.14,250.11173
216,2023-09-14 23:00:00,26678.13,26723.64,26608.31,26608.31,289.73449
217,2023-09-14 23:15:00,26608.31,26630.68,26585.0,26625.59,261.96728
218,2023-09-14 23:30:00,26625.58,26625.59,26602.87,26602.99,107.34529
219,2023-09-14 23:45:00,26603.0,26603.0,26558.02,26568.72,233.86391
220,2023-09-15 00:00:00,26568.72,26622.03,26558.15,26598.03,193.60281
221,2023-09-15 00:15:00,26598.04,26614.99,26596.51,26596.51,139.1437
222,2023-09-15 00:30:00,26596.51,26596.52,26558.01,26558.01,117.44564
223,2023-09-15 00:45:00,26558.01,26559.67,26473.0,26534.84,350.57783
224,2023-09-15 01:00:00,26534.84,26580.0,26510.0,26579.17,297.95988
225,2023-09-15 01:15:00,26579.16,26620.29,26570.0,26610.66,153.54747
226,2023-09-15 01:30:00,26610.66,26619.81,26602.98,26610.8,86.84333
227,2023-09-15 01:45:00,26610.79,26620.0,26591.64,26601.15,99.09712
228,2023-09-15 02:00:00,26601.14,26621.0,26579.27,26621.0,106.21553
229,2023-09-15 02:15:00,26620.99,26628.76,26585.52,26585.53,121.00595
230,2023-09-15 02:30:00,26585.53,26585.53,26497.07,26515.52,294.99082
231,2023-09-15 02:45:00,26515.53,26534.36,26510.7,26522.73,139.63767
232,2023-09-15 03:00:00,26522.73,26522.74,26493.37,26504.91,224.86991
233,2023-09-15 03:15:00,26504.92,26509.35,26470.0,26508.92,183.50202
234,2023-09-15 03:30:00,26508.92,26548.12,26508.91,26542.84,196.78377
235,2023-09-15 03:45:00,26542.85,26560.0,26476.36,26481.44,182.88522
236,2023-09-15 04:00:00,26481.43,26509.02,26448.19,26477.9,312.27768
237,2023-09-15 04:15:00,26477.9,26520.51,26462.45,26509.33,210.76681
238,2023-09-15 04:30:00,26509.34,26519.98,26476.81,26492.35,124.48271
239,2023-09-15 04:45:00,26492.34,26502.74,26485.09,26502.66,108.4235
240,2023-09-15 05:00:00,26502.66,26573.83,26502.65,26560.0,256.02387
241,2023-09-15 05:15:00,26560.0,26600.0,26559.99,26593.3,181.43566
242,2023-09-15 05:30:00,26593.3,26608.61,26583.5,26603.67,138.55727
243,2023-09-15 05:45:00,26603.68,26609.98,26588.91,26608.59,162.79188
244,2023-09-15 06:00:00,26608.59,26616.57,26583.22,26593.51,134.84642
245,2023-09-15 06:15:00,26593.51,26603.1,26577.7,26585.19,109.90698
246,2023-09-15 06:30:00,26585.18,26619.71,26573.63,26576.82,226.10533
247,2023-09-15 06:45:00,26576.83,26624.52,26576.82,26615.39,205.05632
248,2023-09-15 07:00:00,26615.4,26655.84,26615.39,26637.71,238.55596
249,2023-09-15 07:15:00,26637.71,26654.84,26615.94,26615.95,223.83741
250,2023-09-15 07:30:00,26615.94,26629.99,26600.39,26625.62,131.79342
251,2023-09-15 07:45:00,26625.61,26654.83,26625.61,26642.16,146.32309
252,2023-09-15 08:00:00,26642.15,26642.83,26632.78,26637.38,131.71951
253,2023-09-15 08:15:00,26637.37,26637.38,26605.87,26605.87,145.59567
254,2023-09-15 08:30:00,26605.87,26619.03,26590.77,26591.52,113.15253
255,2023-09-15 08:45:00,26591.53,26598.03,26575.0,26588.99,126.76787
256,2023-09-15 09:00:00,26588.98,26588.99,26570.67,26583.03,120.10857
257,2023-09-15 09:15:00,26583.04,26609.88,26572.85,26597.18,128.8518
258,2023-09-15 09:30:00,26597.18,26597.27,26565.7,26567.25,134.26926
259,2023-09-15 09:45:00,26567.25,26586.81,26564.28,26576.02,104.05818
260,2023-09-15 10:00:00,26576.01,26594.83,26564.53,26566.26,256.68432
261,2023-09-15 10:15:00,26566.26,26579.47,26550.99,26575.88,221.78227
262,2023-09-15 10:30:00,26575.87,26581.0,26572.85,26578.49,243.40027
263,2023-09-15 10:45:00,26578.49,26581.0,26563.13,26565.69,296.54309
264,2023-09-15 11:00:00,26565.69,26565.7,26545.22,26546.48,190.5907
265,2023-09-15 11:15:00,26546.48,26573.67,26540.61,26573.67,140.20865
266,2023-09-15 11:30:00,26573.66,26599.64,26573.66,26596.73,251.38969
267,2023-09-15 11:45:00,26596.74,26637.08,26596.73,26633.41,206.88914
268,2023-09-15 12:00:00,26633.41,26690.0,26608.46,26610.29,364.09385
269,2023-09-15 12:15:00,26610.3,26610.3,26578.53,26589.79,159.19091
270,2023-09-15 12:30:00,26589.79,26669.93,26586.24,26632.64,294.00768
271,2023-09-15 12:45:00,26632.64,26653.44,26611.83,26613.78,223.9716
272,2023-09-15 13:00:00,26613.78,26633.21,26597.12,26633.21,197.03591
273,2023-09-15 13:15:00,26633.21,26657.84,26624.77,26642.13,231.5736
274,2023-09-15 13:30:00,26642.13,26642.14,26613.64,26618.88,268.44121
275,2023-09-15 13:45:00,26618.88,26639.65,26615.05,26639.64,126.87153
276,2023-09-15 14:00:00,26639.64,26639.65,26543.19,26546.33,376.09938
277,2023-09-15 14:15:00,26546.33,26562.35,26493.07,26516.15,655.27591
278,2023-09-15 14:30:00,26516.15,26533.68,26478.49,26487.28,495.67133
279,2023-09-15 14:45:00,26487.28,26503.4,26375.01,26425.16,743.53384
280,2023-09-15 15:00:00,26425.17,26470.73,26393.75,26469.43,385.47739
281,2023-09-15 15:15:00,26469.43,26470.01,26431.96,26431.96,338.05317
282,2023-09-15 15:30:00,26431.96,26450.08,26334.13,26390.87,723.53753
283,2023-09-15 15:45:00,26390.87,26398.82,26357.63,26364.66,323.57657
284,2023-09-15 16:00:00,26364.67,26430.0,26362.42,26413.99,348.74482
285,2023-09-15 16:15:00,26413.99,26434.24,26399.42,26410.0,192.60224
286,2023-09-15 16:30:00,26409.99,26526.99,26400.7,26476.53,604.97505
287,2023-09-15 16:45:00,26476.54,26476.54,26364.11,26364.97,337.45706
288,2023-09-15 17:00:00,26364.97,26416.89,26364.97,26380.0,553.86227
289,2023-09-15 17:15:00,26380.01,26406.3,26343.94,26367.13,329.17096
290,2023-09-15 17:30:00,26367.13,26370.16,26269.26,26280.09,693.22776
291,2023-09-15 17:45:00,26280.09,26309.19,26224.0,26238.14,862.12233
292,2023-09-15 18:00:00,26238.13,26300.0,26225.54,26273.55,417.08079
293,2023-09-15 18:15:00,26273.56,26299.97,26265.24,26282.41,283.01706
294,2023-09-15 18:30:00,26282.42,26321.55,26274.35,26319.32,227.07919
295,2023-09-15 18:45:00,26319.32,26329.6,26304.07,26321.21,185.90519
296,2023-09-15 19:00:00,26321.2,26355.85,26315.02,26350.93,266.76707
297,2023-09-15 19:15:00,26350.92,26363.61,26333.56,26355.61,181.68583
298,2023-09-15 19:30:00,26355.61,26377.96,26324.52,26344.43,191.38646
299,2023-09-15 19:45:00,26344.44,26388.36,26336.87,26379.97,235.0352
300,2023-09-15 20:00:00,26379.97,26379.97,26352.38,26359.62,125.15124
301,2023-09-15 20:15:00,26359.62,26374.89,26330.33,26335.84,165.81084
302,2023-09-15 20:30:00,26335.83,26375.63,26317.01,26375.63,207.21107
303,2023-09-15 20:45:00,26375.63,26378.38,26338.5,26338.5,122.41652
304,2023-09-15 21:00:00,26338.51,26359.87,26331.97,26359.86,164.44455
305,2023-09-15 21:15:00,26359.86,26359.98,26337.82,26350.3,140.67233
306,2023-09-15 21:30:00,26350.3,26405.44,26350.29,26377.14,211.28038
307,2023-09-15 21:45:00,26377.14,26377.93,26331.99,26347.38,144.8956
308,2023-09-15 22:00:00,26347.39,26404.97,26340.68,26404.97,107.68437
309,2023-09-15 22:15:00,26404.97,26439.77,26396.0,26430.91,308.47716
310,2023-09-15 22:30:00,26430.91,26439.28,26406.06,26417.83,115.47255
311,2023-09-15 22:45:00,26417.84,26444.45,26395.02,26397.38,160.96866
312,2023-09-15 23:00:00,26397.38,26405.61,26373.21,26387.33,150.31869
313,2023-09-15 23:15:00,26387.34,26419.38,26382.03,26402.85,127.7216
314,2023-09-15 23:30:00,26402.85,26429.51,26395.61,26429.5,114.083
315,2023-09-15 23:45:00,26429.5,26444.1,26400.51,26415.78,228.00447
316,2023-09-16 00:00:00,26415.78,26506.26,26415.77,26479.47,542.25231
317,2023-09-16 00:15:00,26479.46,26489.94,26445.76,26453.67,195.20612
318,2023-09-16 00:30:00,26453.67,26469.1,26438.78,26454.79,153.87335
319,2023-09-16 00:45:00,26454.79,26480.85,26454.79,26469.14,86.19933
320,2023-09-16 01:00:00,26469.14,26494.8,26469.13,26487.53,157.29776
321,2023-09-16 01:15:00,26487.52,26507.19,26487.52,26503.63,139.44983
322,2023-09-16 01:30:00,26503.62,26770.0,26503.62,26712.43,1131.78014
323,2023-09-16 01:45:00,26712.43,26847.72,26684.87,26776.31,1034.61622
324,2023-09-16 02:00:00,26776.32,26888.0,26752.6,26752.6,882.84481
325,2023-09-16 02:15:00,26752.6,26760.99,26671.03,26674.72,343.61925
326,2023-09-16 02:30:00,26674.71,26724.17,26666.66,26666.67,311.27685
327,2023-09-16 02:45:00,26666.66,26669.98,26591.73,26600.0,326.49725
328,2023-09-16 03:00:00,26599.99,26643.82,26571.42,26610.07,458.77691
329,2023-09-16 03:15:00,26610.07,26667.32,26596.54,26657.59,181.05629
330,2023-09-16 03:30:00,26657.59,26672.41,26616.87,26624.44,267.26226
331,2023-09-16 03:45:00,26624.43,26652.35,26620.0,26630.17,93.86959
332,2023-09-16 04:00:00,26630.17,26679.18,26630.17,26669.21,136.01408
333,2023-09-16 04:15:00,26669.22,26694.18,26598.87,26598.88,211.17703
334,2023-09-16 04:30:00,26598.88,26618.93,26594.2,26617.55,143.87365
335,2023-09-16 04:45:00,26617.56,26659.97,26608.97,26653.31,108.89434
336,2023-09-16 05:00:00,26653.3,26728.42,26653.3,26721.91,365.58889
337,2023-09-16 05:15:00,26721.91,26777.0,26680.0,26680.28,434.9626
338,2023-09-16 05:30:00,26680.27,26695.0,26666.03,26694.94,136.16812
339,2023-09-16 05:45:00,26694.93,26726.57,26675.0,26675.01,165.44026
340,2023-09-16 06:00:00,26675.01,26700.0,26654.55,26657.59,173.90597
341,2023-09-16 06:15:00,26657.58,26690.82,26648.13,26673.94,111.43774
342,2023-09-16 06:30:00,26673.94,26673.95,26647.37,26650.59,184.33961
343,2023-09-16 06:45:00,26650.58,26650.59,26604.75,26616.43,171.72245
344,2023-09-16 07:00:00,26616.44,26621.36,26579.87,26579.87,270.87808
345,2023-09-16 07:15:00,26579.87,26618.77,26539.89,26583.24,275.73294
346,2023-09-16 07:30:00,26583.24,26615.32,26583.24,26603.87,267.82351
347,2023-09-16 07:45:00,26603.87,26610.53,26550.75,26555.28,123.06041
348,2023-09-16 08:00:00,26555.28,26583.29,26534.11,26564.1,320.61271
349,2023-09-16 08:15:00,26564.11,26573.65,26515.0,26551.25,203.10558
350,2023-09-16 08:30:00,26551.25,26551.26,26523.04,26537.99,106.4614
351,2023-09-16 08:45:00,26537.99,26549.99,26528.89,26537.76,112.41572
352,2023-09-16 09:00:00,26537.76,26537.77,26500.0,26502.89,248.53938
353,2023-09-16 09:15:00,26502.89,26509.67,26480.0,26481.26,174.60164
354,2023-09-16 09:30:00,26481.25,26496.39,26473.67,26478.61,176.66958
355,2023-09-16 09:45:00,26478.61,26487.39,26467.45,26487.38,156.26321
356,2023-09-16 10:00:00,26487.39,26509.99,26483.7,26497.25,122.0424
357,2023-09-16 10:15:00,26497.25,26504.98,26485.0,26504.97,63.35861
358,2023-09-16 10:30:00,26504.97,26506.15,26480.54,26480.55,153.51446
359,2023-09-16 10:45:00,26480.54,26498.92,26480.0,26494.5,131.01149
360,2023-09-16 11:00:00,26494.5,26494.51,26475.0,26475.0,147.33082
361,2023-09-16 11:15:00,26475.0,26489.53,26470.91,26487.87,118.84846
362,2023-09-16 11:30:00,26487.88,26533.37,26487.87,26515.24,140.83
363,2023-09-16 11:45:00,26515.23,26536.35,26496.84,26508.08,168.53047
364,2023-09-16 12:00:00,26508.07,26525.0,26508.07,26511.18,115.21637
365,2023-09-16 12:15:00,26511.18,26533.73,26511.17,26532.39,98.75384
366,2023-09-16 12:30:00,26532.39,26575.0,26532.39,26559.71,144.93737
367,2023-09-16 12:45:00,26559.7,26581.98,26499.73,26501.44,271.23287
368,2023-09-16 13:00:00,26501.44,26522.18,26445.0,26507.36,399.33906
369,2023-09-16 13:15:00,26507.35,26528.4,26490.9,26518.45,123.01089
370,2023-09-16 13:30:00,26518.45,26537.71,26518.44,26533.19,115.54667
371,2023-09-16 13:45:00,26533.2,26545.19,26527.32,26545.18,70.5013
372,2023-09-16 14:00:00,26545.18,26545.19,26520.0,26520.0,91.51539
373,2023-09-16 14:15:00,26520.01,26536.25,26500.0,26500.0,119.29853
374,2023-09-16 14:30:00,26500.0,26546.31,26485.15,26546.31,112.51188
375,2023-09-16 14:45:00,26546.31,26550.0,26515.36,26524.09,169.15638
376,2023-09-16 15:00:00,26524.08,26524.09,26500.95,26507.24,122.0028
377,2023-09-16 15:15:00,26507.25,26534.98,26500.32,26534.98,104.94951
378,2023-09-16 15:30:00,26534.98,26554.2,26531.81,26554.19,114.39152
379,2023-09-16 15:45:00,26554.2,26576.38,26543.0,26550.68,143.95197
380,2023-09-16 16:00:00,26550.69,26570.65,26533.02,26536.6,124.8642
381,2023-09-16 16:15:00,26536.6,26543.68,26516.83,26543.68,110.33101
382,2023-09-16 16:30:00,26543.67,26559.5,26531.46,26543.7,137.68314
383,2023-09-16 16:45:00,26543.71,26557.51,26541.72,26550.65,69.27665
384,2023-09-16 17:00:00,26550.66,26560.16,26547.67,26555.89,102.30882
385,2023-09-16 17:15:00,26555.9,26555.9,26540.09,26543.34,78.89033
386,2023-09-16 17:30:00,26543.34,26555.0,26540.09,26540.09,122.69576
387,2023-09-16 17:45:00,26540.09,26540.1,26490.31,26500.61,422.58337
388,2023-09-16 18:00:00,26500.61,26524.97,26481.87,26519.02,181.55635
389,2023-09-16 18:15:00,26519.02,26537.69,26505.37,26521.91,133.2636
390,2023-09-16 18:30:00,26521.9,26534.49,26515.76,26530.54,80.05182
391,2023-09-16 18:45:00,26530.55,26533.83,26506.88,26507.12,84.63477
392,2023-09-16 19:00:00,26507.12,26520.9,26504.7,26520.9,103.84994
393,2023-09-16 19:15:00,26520.89,26527.77,26496.14,26503.27,132.10888
394,2023-09-16 19:30:00,26503.27,26530.24,26502.73,26530.04,75.40016
395,2023-09-16 19:45:00,26530.03,26530.04,26514.62,26527.19,147.11111
396,2023-09-16 20:00:00,26527.18,26527.47,26512.74,26514.37,83.24656
397,2023-09-16 20:15:00,26514.36,26538.1,26514.36,26538.09,128.61391
398,2023-09-16 20:30:00,26538.1,26622.22,26538.09,26604.54,341.02178
399,2023-09-16 20:45:00,26604.54,26604.55,26565.77,26566.98,151.38852
400,2023-09-16 21:00:00,26566.98,26622.15,26558.55,26572.22,207.4539
401,2023-09-16 21:15:00,26572.22,26584.91,26554.99,26567.65,107.76343
402,2023-09-16 21:30:00,26567.65,26578.56,26556.76,26560.46,100.24639
403,2023-09-16 21:45:00,26560.46,26581.26,26555.1,26581.25,90.85289
404,2023-09-16 22:00:00,26581.26,26582.91,26531.4,26543.6,112.12101
405,2023-09-16 22:15:00,26543.59,26543.6,26514.5,26532.55,106.83847
406,2023-09-16 22:30:00,26532.56,26535.7,26525.0,26527.79,52.133
407,2023-09-16 22:45:00,26527.8,26534.62,26505.4,26532.8,109.53201
408,2023-09-16 23:00:00,26532.79,26546.23,26530.0,26546.22,51.57956
409,2023-09-16 23:15:00,26546.23,26547.02,26526.18,26534.93,64.77484
410,2023-09-16 23:30:00,26534.93,26562.63,26534.93,26549.91,61.68619
411,2023-09-16 23:45:00,26549.9,26549.91,26527.4,26527.41,38.90538
412,2023-09-17 00:00:00,26527.41,26542.7,26526.15,26542.7,87.70431
413,2023-09-17 00:15:00,26542.69,26579.99,26542.69,26557.16,101.35096
414,2023-09-17 00:30:00,26557.15,26578.37,26546.82,26560.79,88.3794
415,2023-09-17 00:45:00,26560.79,26573.89,26560.78,26570.01,84.91488
416,2023-09-17 01:00:00,26570.01,26573.89,26566.0,26567.29,49.57499
417,2023-09-17 01:15:00,26567.28,26572.72,26566.05,26572.71,37.33849
418,2023-09-17 01:30:00,26572.71,26573.42,26566.67,26566.68,65.25076
419,2023-09-17 01:45:00,26566.68,26568.34,26560.0,26560.01,53.86951
420,2023-09-17 02:00:00,26560.0,26571.87,26550.48,26568.17,100.81974
421,2023-09-17 02:15:00,26568.17,26568.18,26507.0,26529.38,115.12118
422,2023-09-17 02:30:00,26529.37,26546.64,26522.9,26546.64,69.72489
423,2023-09-17 02:45:00,26546.63,26559.68,26546.63,26559.67,49.67964
424,2023-09-17 03:00:00,26559.67,26559.68,26500.01,26514.14,193.57899
425,2023-09-17 03:15:00,26514.14,26526.08,26486.7,26501.4,171.43033
426,2023-09-17 03:30:00,26501.4,26519.25,26501.39,26519.24,99.95087
427,2023-09-17 03:45:00,26519.25,26523.1,26434.05,26468.67,350.19597
428,2023-09-17 04:00:00,26468.67,26477.68,26416.16,26467.89,586.64657
429,2023-09-17 04:15:00,26467.89,26497.5,26463.8,26477.57,123.74779
430,2023-09-17 04:30:00,26477.57,26506.19,26477.56,26506.18,86.02509
431,2023-09-17 04:45:00,26506.19,26515.17,26496.34,26496.35,79.93502
432,2023-09-17 05:00:00,26496.34,26499.98,26492.63,26492.63,61.22331
433,2023-09-17 05:15:00,26492.64,26516.28,26492.63,26502.95,105.88405
434,2023-09-17 05:30:00,26502.94,26519.79,26490.89,26519.41,260.67458
435,2023-09-17 05:45:00,26519.4,26530.07,26501.19,26502.51,252.48284
436,2023-09-17 06:00:00,26502.5,26517.7,26499.76,26517.69,90.61358
437,2023-09-17 06:15:00,26517.69,26532.96,26517.69,26532.96,66.31127
438,2023-09-17 06:30:00,26532.96,26535.24,26515.75,26517.59,119.29484
439,2023-09-17 06:45:00,26517.6,26531.63,26517.59,26529.25,62.32401
440,2023-09-17 07:00:00,26529.25,26531.07,26508.96,26513.07,104.84809
441,2023-09-17 07:15:00,26513.07,26528.15,26513.07,26517.05,69.61183
442,2023-09-17 07:30:00,26517.04,26534.14,26517.04,26534.13,43.34542
443,2023-09-17 07:45:00,26534.13,26570.0,26534.13,26552.85,157.19183
444,2023-09-17 08:00:00,26552.85,26560.0,26540.32,26549.43,70.97136
445,2023-09-17 08:15:00,26549.43,26549.44,26526.33,26533.52,81.057
446,2023-09-17 08:30:00,26533.53,26537.51,26520.0,26524.44,72.57602
447,2023-09-17 08:45:00,26524.44,26543.79,26524.44,26543.79,141.77304
448,2023-09-17 09:00:00,26543.79,26543.79,26524.37,26526.57,69.50242
449,2023-09-17 09:15:00,26526.57,26536.94,26526.57,26536.94,67.73135
450,2023-09-17 09:30:00,26536.93,26543.05,26530.13,26530.14,66.63705
451,2023-09-17 09:45:00,26530.14,26545.98,26525.02,26545.41,127.44433
452,2023-09-17 10:00:00,26545.42,26547.37,26536.13,26542.19,106.42609
453,2023-09-17 10:15:00,26542.18,26547.37,26542.18,26543.84,67.42987
454,2023-09-17 10:30:00,26543.83,26543.84,26521.84,26521.84,136.29819
455,2023-09-17 10:45:00,26521.85,26521.85,26490.88,26495.93,143.16108
456,2023-09-17 11:00:00,26495.94,26521.14,26493.13,26518.23,297.39254
457,2023-09-17 11:15:00,26518.24,26528.74,26507.52,26528.73,90.98346
458,2023-09-17 11:30:00,26528.74,26553.99,26528.73,26541.72,124.09737
459,2023-09-17 11:45:00,26541.71,26553.81,26541.71,26551.14,106.41135
460,2023-09-17 12:00:00,26551.15,26567.0,26545.71,26548.94,148.64093
461,2023-09-17 12:15:00,26548.93,26554.01,26542.07,26544.89,66.29415
462,2023-09-17 12:30:00,26544.88,26549.46,26542.76,26542.96,80.37185
463,2023-09-17 12:45:00,26542.95,26582.05,26542.95,26578.69,287.97681
464,2023-09-17 13:00:00,26578.7,26590.41,26568.73,26575.12,148.53201
465,2023-09-17 13:15:00,26575.13,26590.0,26571.31,26589.26,99.52001
466,2023-09-17 13:30:00,26589.26,26599.0,26589.25,26597.99,124.89079
467,2023-09-17 13:45:00,26598.0,26611.98,26590.08,26597.73,222.25888
468,2023-09-17 14:00:00,26597.73,26603.1,26587.42,26587.59,127.03774
469,2023-09-17 14:15:00,26587.59,26600.23,26585.61,26594.54,113.71338
470,2023-09-17 14:30:00,26594.54,26610.66,26591.89,26610.12,126.5623
471,2023-09-17 14:45:00,26610.12,26623.25,26566.67,26566.67,188.45687
472,2023-09-17 15:00:00,26566.68,26583.46,26566.67,26573.92,70.89622
473,2023-09-17 15:15:00,26573.92,26573.92,26557.04,26573.73,87.14157
474,2023-09-17 15:30:00,26573.73,26576.98,26573.73,26576.97,54.33593
475,2023-09-17 15:45:00,26576.98,26576.98,26564.93,26576.85,64.92193
476,2023-09-17 16:00:00,26576.86,26576.86,26546.66,26556.06,84.94916
477,2023-09-17 16:15:00,26556.06,26566.76,26556.05,26566.75,67.6255
478,2023-09-17 16:30:00,26566.76,26567.79,26551.84,26558.02,78.8814
479,2023-09-17 16:45:00,26558.03,26558.03,26527.4,26543.94,265.14857
480,2023-09-17 17:00:00,26543.94,26550.67,26542.61,26550.49,73.91834
481,2023-09-17 17:15:00,26550.48,26564.89,26542.13,26564.89,88.26524
482,2023-09-17 17:30:00,26564.89,26589.19,26556.95,26560.85,101.34779
483,2023-09-17 17:45:00,26560.84,26566.41,26525.28,26538.87,118.84536
484,2023-09-17 18:00:00,26538.87,26600.0,26538.86,26559.19,284.92605
485,2023-09-17 18:15:00,26559.2,26567.21,26540.5,26567.21,180.98413
486,2023-09-17 18:30:00,26567.21,26567.85,26538.47,26549.32,391.95602
487,2023-09-17 18:45:00,26549.33,26557.15,26546.73,26549.98,185.57052
488,2023-09-17 19:00:00,26549.98,26551.0,26531.33,26533.35,97.61053
489,2023-09-17 19:15:00,26533.36,26536.03,26505.01,26535.01,152.25117
490,2023-09-17 19:30:00,26535.0,26535.01,26500.0,26500.0,124.83689
491,2023-09-17 19:45:00,26500.01,26517.06,26491.0,26511.23,125.39566
492,2023-09-17 20:00:00,26511.23,26511.23,26483.16,26502.96,274.57395
493,2023-09-17 20:15:00,26502.95,26528.09,26491.97,26511.1,139.97958
494,2023-09-17 20:30:00,26511.1,26531.16,26505.45,26528.07,117.04441
495,2023-09-17 20:45:00,26528.06,26528.07,26480.0,26480.0,117.53163
496,2023-09-17 21:00:00,26480.01,26518.78,26464.64,26510.0,214.47044
497,2023-09-17 21:15:00,26510.0,26510.0,26506.55,26506.56,49.14029
498,2023-09-17 21:30:00,26506.56,26515.0,26506.55,26510.98,63.88489
499,2023-09-17 21:45:00,26510.98,26514.44,26494.74,26494.76,57.80801
500,2023-09-17 22:00:00,26494.76,26509.84,26494.76,26508.03,63.24046
501,2023-09-17 22:15:00,26508.02,26508.03,26493.39,26493.39,59.29681
502,2023-09-17 22:30:00,26493.4,26520.76,26490.53,26509.36,156.84482
503,2023-09-17 22:45:00,26509.35,26509.36,26495.6,26505.15,45.49439
504,2023-09-17 23:00:00,26505.14,26505.15,26490.59,26503.99,206.74978
505,2023-09-17 23:15:00,26503.99,26504.51,26496.95,26496.96,61.05987
506,2023-09-17 23:30:00,26496.96,26501.7,26456.69,26463.92,292.92698
507,2023-09-17 23:45:00,26463.93,26463.93,26422.0,26436.35,310.46281
508,2023-09-18 00:00:00,26436.34,26451.5,26399.0,26435.7,371.5346
509,2023-09-18 00:15:00,26435.71,26485.65,26435.7,26455.15,100.52506
510,2023-09-18 00:30:00,26455.15,26497.53,26455.06,26495.59,99.44822
511,2023-09-18 00:45:00,26495.59,26495.6,26473.69,26484.92,88.27666
512,2023-09-18 01:00:00,26484.91,26484.92,26438.61,26459.51,105.03872
513,2023-09-18 01:15:00,26459.51,26485.83,26459.51,26485.83,88.9931
514,2023-09-18 01:30:00,26485.82,26485.83,26450.18,26454.03,75.96441
515,2023-09-18 01:45:00,26454.02,26492.0,26450.0,26491.99,96.32754
516,2023-09-18 02:00:00,26491.99,26505.0,26455.0,26457.71,139.89995
517,2023-09-18 02:15:00,26457.71,26480.92,26450.0,26480.92,52.61509
518,2023-09-18 02:30:00,26480.92,26500.0,26470.19,26497.46,101.96978
519,2023-09-18 02:45:00,26497.45,26534.09,26497.45,26527.51,157.71154
520,2023-09-18 03:00:00,26527.5,26553.56,26524.34,26525.95,171.3
521,2023-09-18 03:15:00,26525.96,26536.18,26485.91,26487.4,140.25027
522,2023-09-18 03:30:00,26487.4,26501.4,26377.35,26496.28,833.5344
523,2023-09-18 03:45:00,26496.29,26519.87,26458.1,26462.41,164.63271
524,2023-09-18 04:00:00,26462.4,26485.0,26442.83,26481.83,114.88592
525,2023-09-18 04:15:00,26481.82,26489.38,26445.03,26481.43,235.73319
526,2023-09-18 04:30:00,26481.43,26481.44,26446.51,26470.38,139.66262
527,2023-09-18 04:45:00,26470.38,26476.98,26448.8,26462.63,118.84536
528,2023-09-18 05:00:00,26462.63,26500.0,26458.63,26492.55,96.45742
529,2023-09-18 05:15:00,26492.54,26709.47,26492.54,26652.66,1013.50004
530,2023-09-18 05:30:00,26652.65,26750.0,26587.26,26622.2,904.20098
531,2023-09-18 05:45:00,26622.2,26720.52,26621.78,26663.12,340.85742
532,2023-09-18 06:00:00,26663.12,26668.21,26600.0,26601.41,216.82806
533,2023-09-18 06:15:00,26601.41,26644.23,26581.71,26633.82,252.49218
534,2023-09-18 06:30:00,26633.81,26670.0,26630.0,26653.13,192.30192
535,2023-09-18 06:45:00,26653.13,26688.0,26646.84,26658.66,235.13242
536,2023-09-18 07:00:00,26658.66,26680.0,26618.07,26636.95,217.30136
537,2023-09-18 07:15:00,26636.94,26636.95,26599.99,26599.99,180.84958
538,2023-09-18 07:30:00,26600.0,26602.19,26567.09,26581.93,195.30121
539,2023-09-18 07:45:00,26581.93,26627.6,26574.32,26621.75,135.47423
540,2023-09-18 08:00:00,26621.76,26640.0,26605.32,26639.99,185.3097
541,2023-09-18 08:15:00,26639.99,26654.18,26633.69,26644.53,106.5734
542,2023-09-18 08:30:00,26644.53,26680.0,26642.63,26647.59,145.53057
543,2023-09-18 08:45:00,26647.59,26670.0,26647.45,26647.45,105.12949
544,2023-09-18 09:00:00,26647.45,26684.56,26639.55,26669.99,119.58041
545,2023-09-18 09:15:00,26670.0,26699.07,26669.99,26680.0,120.65045
546,2023-09-18 09:30:00,26680.0,26698.41,26665.89,26674.54,108.74088
547,2023-09-18 09:45:00,26674.54,26690.0,26622.77,26622.83,155.28222
548,2023-09-18 10:00:00,26622.82,26655.34,26622.82,26655.34,162.84791
549,2023-09-18 10:15:00,26655.34,26748.73,26655.33,26741.65,476.6629
550,2023-09-18 10:30:00,26741.65,26800.0,26680.0,26685.02,374.05511
551,2023-09-18 10:45:00,26685.03,26710.68,26668.11,26710.67,174.70473
552,2023-09-18 11:00:00,26710.67,26729.6,26692.86,26720.56,213.05025
553,2023-09-18 11:15:00,26720.55,26720.56,26692.05,26692.16,106.50398
554,2023-09-18 11:30:00,26692.16,26697.62,26684.02,26684.27,328.90173
555,2023-09-18 11:45:00,26684.28,26724.81,26684.27,26724.8,242.97002
556,2023-09-18 12:00:00,26724.8,26775.24,26724.8,26775.23,255.05779
557,2023-09-18 12:15:00,26775.24,26788.88,26743.47,26743.48,186.64825
558,2023-09-18 12:30:00,26743.47,26883.94,26743.47,26831.6,1826.47498
559,2023-09-18 12:45:00,26831.6,26945.55,26802.81,26872.31,791.60916
560,2023-09-18 13:00:00,26872.3,26979.75,26872.3,26913.1,911.12077
561,2023-09-18 13:15:00,26913.09,27025.0,26913.09,26986.27,1174.28294
562,2023-09-18 13:30:00,26986.27,27142.16,26986.27,27082.72,1489.7415
563,2023-09-18 13:45:00,27082.73,27189.22,27060.32,27129.11,949.90214
564,2023-09-18 14:00:00,27129.12,27217.02,27129.11,27171.91,1028.10304
565,2023-09-18 14:15:00,27171.9,27240.0,27160.31,27205.95,692.40163
566,2023-09-18 14:30:00,27205.96,27218.98,27100.0,27147.11,526.45404
567,2023-09-18 14:45:00,27147.11,27196.98,27135.88,27196.98,243.7429
568,2023-09-18 15:00:00,27196.98,27288.0,27151.0,27194.17,1168.09813
569,2023-09-18 15:15:00,27194.17,27288.0,27170.63,27258.03,448.89989
570,2023-09-18 15:30:00,27258.03,27400.0,27258.02,27340.0,1461.80818
571,2023-09-18 15:45:00,27340.01,27406.73,27320.83,27371.35,925.39113
572,2023-09-18 16:00:00,27371.36,27409.0,27324.07,27335.46,900.46636
573,2023-09-18 16:15:00,27335.47,27350.0,27268.79,27268.8,708.64847
574,2023-09-18 16:30:00,27268.79,27322.52,27222.4,27240.01,667.78799
575,2023-09-18 16:45:00,27240.0,27275.0,27203.0,27255.21,636.89027
576,2023-09-18 17:00:00,27255.22,27279.58,27130.0,27197.27,751.07491
577,2023-09-18 17:15:00,27197.27,27270.67,27170.62,27238.38,492.96971
578,2023-09-18 17:30:00,27238.38,27269.93,27217.4,27237.0,429.25
579,2023-09-18 17:45:00,27236.99,27292.68,27229.32,27260.46,267.29378
580,2023-09-18 18:00:00,27260.46,27299.36,27260.46,27298.26,307.72612
581,2023-09-18 18:15:00,27298.25,27312.16,27270.01,27295.0,300.45098
582,2023-09-18 18:30:00,27295.0,27342.49,27270.58,27322.92,519.65014
583,2023-09-18 18:45:00,27322.91,27357.0,27253.08,27269.42,356.73099
584,2023-09-18 19:00:00,27269.43,27310.0,27255.42,27275.0,375.12065
585,2023-09-18 19:15:00,27274.99,27280.77,27197.89,27211.79,428.34065
586,2023-09-18 19:30:00,27211.8,27253.42,27203.89,27250.8,529.19386
587,2023-09-18 19:45:00,27250.8,27264.99,27240.26,27246.0,149.18357
588,2023-09-18 20:00:00,27245.99,27268.52,27170.0,27205.65,230.20744
589,2023-09-18 20:15:00,27205.64,27205.65,26900.0,26904.98,1806.75251
590,2023-09-18 20:30:00,26904.98,26948.39,26669.94,26815.22,2885.65769
591,2023-09-18 20:45:00,26815.21,26843.52,26740.01,26760.49,538.45688
592,2023-09-18 21:00:00,26760.48,26828.83,26737.09,26828.82,461.96343
593,2023-09-18 21:15:00,26828.82,26842.93,26715.73,26715.73,487.27186
594,2023-09-18 21:30:00,26715.74,26750.0,26631.0,26684.42,763.89501
595,2023-09-18 21:45:00,26684.42,26744.78,26672.04,26710.0,561.75116
596,2023-09-18 22:00:00,26710.0,26750.0,26680.92,26735.01,299.93835
597,2023-09-18 22:15:00,26735.01,26757.69,26696.09,26757.48,185.27801
598,2023-09-18 22:30:00,26757.47,26908.69,26731.15,26901.66,549.65677
599,2023-09-18 22:45:00,26901.65,26943.83,26812.41,26814.79,453.9329
600,2023-09-18 23:00:00,26814.78,26841.63,26777.77,26805.0,314.9977
601,2023-09-18 23:15:00,26805.0,26805.0,26756.57,26760.6,261.03471
602,2023-09-18 23:30:00,26760.59,26779.48,26736.13,26776.81,160.29586
603,2023-09-18 23:45:00,26776.8,26784.94,26751.26,26765.95,145.58081
604,2023-09-19 00:00:00,26765.95,26775.52,26732.23,26773.87,104.11893
605,2023-09-19 00:15:00,26773.86,26815.85,26761.64,26803.67,220.83073
606,2023-09-19 00:30:00,26803.66,26813.27,26781.11,26809.32,91.3195
607,2023-09-19 00:45:00,26809.32,26846.76,26794.13,26839.13,134.52975
608,2023-09-19 01:00:00,26839.13,26850.0,26797.7,26832.36,161.81275
609,2023-09-19 01:15:00,26832.35,26838.26,26820.89,26830.57,132.38089
610,2023-09-19 01:30:00,26830.58,26830.58,26782.95,26826.0,138.42952
611,2023-09-19 01:45:00,26826.0,26881.45,26823.37,26872.13,209.4949
612,2023-09-19 02:00:00,26872.12,26872.13,26798.84,26798.84,230.40636
613,2023-09-19 02:15:00,26798.85,26803.3,26755.73,26762.44,148.09002
614,2023-09-19 02:30:00,26762.44,26766.0,26730.18,26740.01,201.76244
615,2023-09-19 02:45:00,26740.0,26772.48,26728.0,26762.51,194.03572
616,2023-09-19 03:00:00,26762.5,26787.56,26753.86,26759.66,221.2897
617,2023-09-19 03:15:00,26759.66,26759.67,26670.27,26688.9,476.30427
618,2023-09-19 03:30:00,26688.89,26729.15,26667.79,26714.99,210.24808
619,2023-09-19 03:45:00,26715.0,26715.0,26669.91,26677.12,278.44887
620,2023-09-19 04:00:00,26677.12,26720.0,26669.91,26706.66,135.72924
621,2023-09-19 04:15:00,26706.66,26734.77,26694.38,26719.56,148.44769
622,2023-09-19 04:30:00,26719.55,26726.72,26703.09,26719.28,206.1331
623,2023-09-19 04:45:00,26719.28,26719.28,26690.27,26699.99,107.40961
624,2023-09-19 05:00:00,26700.0,26736.08,26684.79,26721.25,196.40771
625,2023-09-19 05:15:00,26721.25,26749.68,26720.05,26742.22,125.34968
626,2023-09-19 05:30:00,26742.22,26782.65,26740.0,26774.43,121.76851
627,2023-09-19 05:45:00,26774.43,26821.58,26774.42,26821.57,240.25017
628,2023-09-19 06:00:00,26821.58,26840.67,26795.31,26813.24,263.20973
629,2023-09-19 06:15:00,26813.23,26813.24,26787.37,26794.54,81.41137
630,2023-09-19 06:30:00,26794.53,26833.19,26792.53,26826.51,166.70079
631,2023-09-19 06:45:00,26826.51,26828.94,26809.96,26818.42,134.72176
632,2023-09-19 07:00:00,26818.41,26838.8,26807.19,26838.79,81.90319
633,2023-09-19 07:15:00,26838.8,26845.44,26830.47,26832.51,101.85919
634,2023-09-19 07:30:00,26832.5,26846.48,26831.43,26831.44,116.82449
635,2023-09-19 07:45:00,26831.43,26860.0,26829.98,26859.9,153.27941
636,2023-09-19 08:00:00,26859.9,26859.91,26837.01,26855.16,123.96431
637,2023-09-19 08:15:00,26855.16,26855.17,26830.78,26841.75,135.07681
638,2023-09-19 08:30:00,26841.74,26848.82,26812.17,26821.52,125.29083
639,2023-09-19 08:45:00,26821.53,26842.1,26793.77,26796.26,172.07644
640,2023-09-19 09:00:00,26796.26,26796.26,26750.88,26781.99,144.44565
641,2023-09-19 09:15:00,26781.99,26794.99,26768.48,26775.0,113.96638
642,2023-09-19 09:30:00,26775.0,26829.26,26769.65,26823.56,108.56674
643,2023-09-19 09:45:00,26823.57,26830.0,26812.9,26829.86,147.41593
644,2023-09-19 10:00:00,26829.86,26832.21,26814.94,26832.2,124.87692
645,2023-09-19 10:15:00,26832.2,26859.24,26827.14,26856.49,182.44845
646,2023-09-19 10:30:00,26856.49,26870.82,26840.0,26846.08,212.65212
647,2023-09-19 10:45:00,26846.09,26874.73,26839.99,26847.21,395.25765
648,2023-09-19 11:00:00,26847.21,26904.47,26847.21,26904.46,523.5698
649,2023-09-19 11:15:00,26904.47,26940.99,26887.06,26940.98,346.32353
650,2023-09-19 11:30:00,26940.99,26997.7,26919.21,26993.35,461.36286
651,2023-09-19 11:45:00,26993.36,27077.35,26919.12,27066.74,723.41005
652,2023-09-19 12:00:00,27066.74,27154.91,27027.7,27120.0,727.67576
653,2023-09-19 12:15:00,27119.99,27299.99,27119.99,27270.09,992.50476
654,2023-09-19 12:30:00,27270.1,27466.0,27270.09,27329.0,1430.12136
655,2023-09-19 12:45:00,27328.99,27349.29,27240.56,27288.96,715.08851
656,2023-09-19 13:00:00,27288.95,27314.7,27183.12,27211.54,676.34157
657,2023-09-19 13:15:00,27211.54,27259.33,27050.02,27104.74,699.95764
658,2023-09-19 13:30:00,27104.74,27195.42,27096.02,27190.71,454.32092
659,2023-09-19 13:45:00,27190.71,27196.68,27100.52,27170.73,438.02917
660,2023-09-19 14:00:00,27170.73,27200.01,27106.19,27106.46,470.75997
661,2023-09-19 14:15:00,27106.46,27158.01,27092.83,27158.01,302.29823
662,2023-09-19 14:30:00,27158.01,27168.45,27121.4,27150.0,241.28179
663,2023-09-19 14:45:00,27150.0,27240.0,27149.99,27237.56,423.74546
664,2023-09-19 15:00:00,27237.57,27244.51,27176.9,27206.54,370.68047
665,2023-09-19 15:15:00,27206.55,27288.0,27201.42,27273.94,360.46042
666,2023-09-19 15:30:00,27273.94,27284.08,27100.98,27117.06,628.62049
667,2023-09-19 15:45:00,27117.07,27178.41,27072.56,27139.15,905.05504
668,2023-09-19 16:00:00,27139.16,27183.09,27095.36,27151.28,399.29352
669,2023-09-19 16:15:00,27151.28,27199.37,27151.27,27167.25,421.83592
670,2023-09-19 16:30:00,27167.24,27210.01,27135.0,27175.92,321.62575
671,2023-09-19 16:45:00,27175.92,27195.0,27138.96,27153.36,140.41606
